{
  "$schema": "https://schema.management.azure.com/schemas/2019-04-01/deploymentTemplate.json#",
  "contentVersion": "1.0.0.0",
  "parameters": {
    "APIManagementServiceName": {
      "type": "string",
      "minLength": 1,
      "metadata": {
        "description": "The service name"
      }
    },
    "publisherEmail": {
      "type": "string",
      "minLength": 1,
      "metadata": {
        "description": "The email address of the owner of the service"
      }
    },
    "publisherName": {
      "type": "string",
      "minLength": 1,
      "metadata": {
        "description": "The name of the owner of the service"
      }
    },
    "sku": {
      "type": "string",
      "allowedValues": [
        "Basic",
        "Developer",
        "Standard",
        "Premium",
        "Consumption" 
      ],
      "defaultValue": "Consumption",
      "metadata": {
        "description": "The pricing tier of this API Management service"
      }
    },
    "skuCount": {
      "type": "string",
      "allowedValues": [
        "0",
        "1",
        "2"
      ],
      "defaultValue": "0",
      "metadata": {
        "description": "The instance size of this API Management service."
      }
    },
    "location": {
      "type": "string",
      "defaultValue": "[resourceGroup().location]",
      "metadata": {
        "description": "Location for all resources."
      }
    },
    "apimBaseUrl": {
      "type": "string",
      "minLength": 1,
      "metadata": {
        "description": "Description can be here"
      }
     },
    "apiClientId": {
      "type": "string",
      "minLength": 1,
      "metadata": {
        "description": "Description can be here"
      }
     },
    "apiClientSecret": {
      "type": "SecureString",
      "minLength": 1,
      "metadata": {
        "description": "Description can be here"
      }
     },
    "clientId": {
      "type": "string",
      "minLength": 1,
      "metadata": {
        "description": "Description can be here"
      }
     },
    "cmsBaseUrl": {
      "type": "string",
      "minLength": 0,
      "defaultValue": "Unavailable",
      "metadata": {
        "description": "Description can be here"
      }
     },
    "cmsUserName": {
      "type": "string",
      "minLength": 0,
      "defaultValue": "Unavailable",
      "metadata": {
        "description": "Description can be here"
      }
     },
    "cmsUserPassword": {
      "type": "string",
      "minLength": 0,
      "defaultValue": "Unavailable",
      "metadata": {
        "description": "Description can be here"
      }
     },
    "englishLanguageCode": {
      "type": "string",
      "minLength": 0,
      "defaultValue": "Unavailable",
      "metadata": {
        "description": "Description can be here"
      }
     },
    "imagesFrontDoorCacheTtlSeconds": {
      "type": "string",
      "minLength": 0,
      "defaultValue": "Unavailable",
      "metadata": {
        "description": "Description can be here"
      }
    },
    "articlesFrontDoorCacheTtlSeconds": {
      "type": "string",
      "minLength": 0,
      "defaultValue": "Unavailable",
      "metadata": {
        "description": "Description can be here"
      }
    },
    "metadataFrontDoorCacheTtlSeconds": {
      "type": "string",
      "minLength": 0,
      "defaultValue": "Unavailable",
      "metadata": {
        "description": "Description can be here"
      }
    },
    "filtersCacheTtlSeconds": {
      "type": "string",
      "minLength": 0,
      "defaultValue": "Unavailable",
      "metadata": {
        "description": "Description can be here"
      }
     },
    "frontDoorBaseUrl": {
      "type": "string",
      "minLength": 0,
      "defaultValue": "Unavailable",
      "metadata": {
        "description": "Description can be here"
      }
     },
    "frontDoorId": {
      "type": "string",
      "minLength": 0,
      "defaultValue": "Unavailable",
      "metadata": {
        "description": "Description can be here"
      }
     },
    "identityServerBaseUrl": {
      "type": "SecureString",
      "minLength": 1,
      "metadata": {
        "description": "Description can be here"
      }
     },
    "notificationApiBaseUrl": {
      "type": "SecureString",
      "minLength": 1,
      "metadata": {
        "description": "Description can be here"
      }
     },
    "rapidProUserName": {
      "type": "string",
      "minLength": 0,
      "defaultValue": "Unavailable",
      "metadata": {
        "description": "Description can be here"
      }
     },
    "rapidProUserPassword": {
      "type": "SecureString",
      "minLength": 0,
      "defaultValue": "Unavailable",
      "metadata": {
        "description": "Description can be here"
      }
     },
    "scope": {
      "type": "string",
      "minLength": 1,
      "metadata": {
        "description": "Description can be here"
      }
     },
    "userApiBaseUrl": {
      "type": "SecureString",
      "minLength": 1,
      "metadata": {
        "description": "Description can be here"
      }
     },
    "webSiteBaseUrl": {
      "type": "SecureString",
      "minLength": 1,
      "metadata": {
        "description": "Description can be here"
      }
     }
  },
  "resources": [
    {
      "apiVersion": "2019-12-01",
      "name": "[parameters('APIManagementServiceName')]",
      "type": "Microsoft.ApiManagement/service",
      "location": "[parameters('location')]",
      "tags": {},
      "sku": {
        "name": "[parameters('sku')]",
        "capacity": "[parameters('skuCount')]"
      },
      "properties": {
        "publisherEmail": "[parameters('publisherEmail')]",
        "publisherName": "[parameters('publisherName')]"
      }
    },
        {
            "type": "Microsoft.ApiManagement/service/namedValues",
            "apiVersion": "2019-12-01",
            "name": "[concat(parameters('APIManagementServiceName'), '/apimBaseUrl')]",
            "dependsOn": [
                "[resourceId('Microsoft.ApiManagement/service', parameters('APIManagementServiceName'))]"
            ],
            "properties": {
                "displayName": "apimBaseUrl",
                "tags": [],
                "secret": true,
                "value": "[parameters('apimBaseUrl')]"
            }
        },
        {
            "type": "Microsoft.ApiManagement/service/namedValues",
            "apiVersion": "2019-12-01",
            "name": "[concat(parameters('APIManagementServiceName'), '/ApiCleintId')]",
            "dependsOn": [
                "[resourceId('Microsoft.ApiManagement/service', parameters('APIManagementServiceName'))]"
            ],
            "properties": {
                "displayName": "apiClientId",
                "tags": [],
                "secret": true,
                "value": "[parameters('apiClientId')]"
            }
        },
        {
            "type": "Microsoft.ApiManagement/service/namedValues",
            "apiVersion": "2019-12-01",
            "name": "[concat(parameters('APIManagementServiceName'), '/ApiClientSecret')]",
            "dependsOn": [
                "[resourceId('Microsoft.ApiManagement/service', parameters('APIManagementServiceName'))]"
            ],
            "properties": {
                "displayName": "apiClientSecret",
                "tags": [],
                "secret": true,
                "value": "[parameters('apiClientSecret')]"
            }
        },
        {
            "type": "Microsoft.ApiManagement/service/namedValues",
            "apiVersion": "2019-12-01",
            "name": "[concat(parameters('APIManagementServiceName'), '/clientId')]",
            "dependsOn": [
                "[resourceId('Microsoft.ApiManagement/service', parameters('APIManagementServiceName'))]"
            ],
            "properties": {
                "displayName": "clientId",
                "tags": [],
                "secret": true,
                "value": "[parameters('clientId')]"
            }
        },
        {
            "type": "Microsoft.ApiManagement/service/namedValues",
            "apiVersion": "2019-12-01",
            "name": "[concat(parameters('APIManagementServiceName'), '/cmsBaseUrl')]",
            "dependsOn": [
                "[resourceId('Microsoft.ApiManagement/service', parameters('APIManagementServiceName'))]"
            ],
            "properties": {
                "displayName": "cmsBaseUrl",
                "tags": [],
                "secret": true,
                "value": "[parameters('cmsBaseUrl')]"
            }
        },
        {
            "type": "Microsoft.ApiManagement/service/namedValues",
            "apiVersion": "2019-12-01",
            "name": "[concat(parameters('APIManagementServiceName'), '/cmsUserName')]",
            "dependsOn": [
                "[resourceId('Microsoft.ApiManagement/service', parameters('APIManagementServiceName'))]"
            ],
            "properties": {
                "displayName": "cmsUserName",
                "tags": [],
                "secret": true,
                "value": "[parameters('cmsUserName')]"
            }
        },
        {
            "type": "Microsoft.ApiManagement/service/namedValues",
            "apiVersion": "2019-12-01",
            "name": "[concat(parameters('APIManagementServiceName'), '/cmsUserPassword')]",
            "dependsOn": [
                "[resourceId('Microsoft.ApiManagement/service', parameters('APIManagementServiceName'))]"
            ],
            "properties": {
                "displayName": "cmsUserPassword",
                "tags": [],
                "secret": true,
                "value": "[parameters('cmsUserPassword')]"
            }
        },
        {
            "type": "Microsoft.ApiManagement/service/namedValues",
            "apiVersion": "2019-12-01",
            "name": "[concat(parameters('APIManagementServiceName'), '/englishLanguageCode')]",
            "dependsOn": [
                "[resourceId('Microsoft.ApiManagement/service', parameters('APIManagementServiceName'))]"
            ],
            "properties": {
                "displayName": "englishLanguageCode",
                "tags": [],
                "secret": true,
                "value": "[parameters('englishLanguageCode')]"
            }
        },
        {
            "type": "Microsoft.ApiManagement/service/namedValues",
            "apiVersion": "2019-12-01",
            "name": "[concat(parameters('APIManagementServiceName'), '/imagesFrontDoorCacheTtlSeconds')]",
            "dependsOn": [
                "[resourceId('Microsoft.ApiManagement/service', parameters('APIManagementServiceName'))]"
            ],
            "properties": {
                "displayName": "imagesFrontDoorCacheTtlSeconds",
                "tags": [],
                "secret": true,
                "value": "[parameters('imagesFrontDoorCacheTtlSeconds')]"
            }
        },
        {
            "type": "Microsoft.ApiManagement/service/namedValues",
            "apiVersion": "2019-12-01",
            "name": "[concat(parameters('APIManagementServiceName'), '/articlesFrontDoorCacheTtlSeconds')]",
            "dependsOn": [
                "[resourceId('Microsoft.ApiManagement/service', parameters('APIManagementServiceName'))]"
            ],
            "properties": {
                "displayName": "articlesFrontDoorCacheTtlSeconds",
                "tags": [],
                "secret": true,
                "value": "[parameters('articlesFrontDoorCacheTtlSeconds')]"
            }
        },
        {
            "type": "Microsoft.ApiManagement/service/namedValues",
            "apiVersion": "2019-12-01",
            "name": "[concat(parameters('APIManagementServiceName'), '/metadataFrontDoorCacheTtlSeconds')]",
            "dependsOn": [
                "[resourceId('Microsoft.ApiManagement/service', parameters('APIManagementServiceName'))]"
            ],
            "properties": {
                "displayName": "metadataFrontDoorCacheTtlSeconds",
                "tags": [],
                "secret": true,
                "value": "[parameters('metadataFrontDoorCacheTtlSeconds')]"
            }
        },
        {
            "type": "Microsoft.ApiManagement/service/namedValues",
            "apiVersion": "2019-12-01",
            "name": "[concat(parameters('APIManagementServiceName'), '/filtersCacheTtlSeconds')]",
            "dependsOn": [
                "[resourceId('Microsoft.ApiManagement/service', parameters('APIManagementServiceName'))]"
            ],
            "properties": {
                "displayName": "filtersCacheTtlSeconds",
                "tags": [],
                "secret": true,
                "value": "[parameters('filtersCacheTtlSeconds')]"
            }
        },
        {
            "type": "Microsoft.ApiManagement/service/namedValues",
            "apiVersion": "2019-12-01",
            "name": "[concat(parameters('APIManagementServiceName'), '/frontDoorBaseUrl')]",
            "dependsOn": [
                "[resourceId('Microsoft.ApiManagement/service', parameters('APIManagementServiceName'))]"
            ],
            "properties": {
                "displayName": "frontDoorBaseUrl",
                "tags": [],
                "secret": true,
                "value": "[parameters('frontDoorBaseUrl')]"
            }
        },
        {
            "type": "Microsoft.ApiManagement/service/namedValues",
            "apiVersion": "2019-12-01",
            "name": "[concat(parameters('APIManagementServiceName'), '/frontDoorId')]",
            "dependsOn": [
                "[resourceId('Microsoft.ApiManagement/service', parameters('APIManagementServiceName'))]"
            ],
            "properties": {
                "displayName": "frontDoorId",
                "tags": [],
                "secret": true,
                "value": "[parameters('frontDoorId')]"
            }
        },
        {
            "type": "Microsoft.ApiManagement/service/namedValues",
            "apiVersion": "2019-12-01",
            "name": "[concat(parameters('APIManagementServiceName'), '/identityServerBaseUrl')]",
            "dependsOn": [
                "[resourceId('Microsoft.ApiManagement/service', parameters('APIManagementServiceName'))]"
            ],
            "properties": {
                "displayName": "identityServerBaseUrl",
                "tags": [],
                "secret": true,
                "value": "[parameters('identityServerBaseUrl')]"
            }
        },
        {
            "type": "Microsoft.ApiManagement/service/namedValues",
            "apiVersion": "2019-12-01",
            "name": "[concat(parameters('APIManagementServiceName'), '/notificationApiBaseUrl')]",
            "dependsOn": [
                "[resourceId('Microsoft.ApiManagement/service', parameters('APIManagementServiceName'))]"
            ],
            "properties": {
                "displayName": "notificationApiBaseUrl",
                "tags": [],
                "secret": true,
                "value": "[parameters('notificationApiBaseUrl')]"
            }
        },
        {
            "type": "Microsoft.ApiManagement/service/namedValues",
            "apiVersion": "2019-12-01",
            "name": "[concat(parameters('APIManagementServiceName'), '/rapidProUserName')]",
            "dependsOn": [
                "[resourceId('Microsoft.ApiManagement/service', parameters('APIManagementServiceName'))]"
            ],
            "properties": {
                "displayName": "rapidProUserName",
                "tags": [],
                "secret": true,
                "value": "[parameters('rapidProUserName')]"
            }
        },
        {
            "type": "Microsoft.ApiManagement/service/namedValues",
            "apiVersion": "2019-12-01",
            "name": "[concat(parameters('APIManagementServiceName'), '/rapidProUserPassword')]",
            "dependsOn": [
                "[resourceId('Microsoft.ApiManagement/service', parameters('APIManagementServiceName'))]"
            ],
            "properties": {
                "displayName": "rapidProUserPassword",
                "tags": [],
                "secret": true,
                "value": "[parameters('rapidProUserPassword')]"
            }
        },
        {
            "type": "Microsoft.ApiManagement/service/namedValues",
            "apiVersion": "2019-12-01",
            "name": "[concat(parameters('APIManagementServiceName'), '/scope')]",
            "dependsOn": [
                "[resourceId('Microsoft.ApiManagement/service', parameters('APIManagementServiceName'))]"
            ],
            "properties": {
                "displayName": "scope",
                "tags": [],
                "secret": true,
                "value": "[parameters('scope')]"
            }
        },
        {
            "type": "Microsoft.ApiManagement/service/namedValues",
            "apiVersion": "2019-12-01",
            "name": "[concat(parameters('APIManagementServiceName'), '/userApiBaseUrl')]",
            "dependsOn": [
                "[resourceId('Microsoft.ApiManagement/service', parameters('APIManagementServiceName'))]"
            ],
            "properties": {
                "displayName": "userApiBaseUrl",
                "tags": [],
                "secret": true,
                "value": "[parameters('userApiBaseUrl')]"
            }
        },
        {
            "type": "Microsoft.ApiManagement/service/namedValues",
            "apiVersion": "2019-12-01",
            "name": "[concat(parameters('APIManagementServiceName'), '/webSiteBaseUrl')]",
            "dependsOn": [
                "[resourceId('Microsoft.ApiManagement/service', parameters('APIManagementServiceName'))]"
            ],
            "properties": {
                "displayName": "webSiteBaseUrl",
                "tags": [],
                "secret": true,
                "value": "[parameters('webSiteBaseUrl')]"
            }
        }
  ]
}
