{
    "$schema": "https://schema.management.azure.com/schemas/2019-04-01/deploymentTemplate.json#",
    "contentVersion": "1.0.0.0",
    "parameters": {
        "webAppName": {
            "type": "string"
        },
        "AppServicePlanName": {
            "type": "string"
        },
        "AppServiceSKU": {
            "type": "string"
        },
        "location": {
            "type": "string",
            "defaultValue": "[resourceGroup().location]"
        }
    },
    "variables": {
        "alwaysOn": false,
        "sku": "Free",
        "skuCode": "[parameters('AppServiceSKU')]",
        "workerSize": "0",
        "workerSizeId": 0,
        "numberOfWorkers": "1",
        "currentStack": "dotnetcore",
        "hostingPlanName": "[parameters('AppServicePlanName')]"
    },
    "resources": [
        {
            "apiVersion": "2018-02-01",
            "name": "[parameters('webAppName')]",
            "type": "Microsoft.Web/sites",
            "location": "[parameters('location')]",
            "dependsOn": [
                "[resourceId('Microsoft.Web/serverfarms/', variables('hostingPlanName'))]"
            ],
            "properties": {
                "name": "[parameters('webAppName')]",
                "siteConfig": {
                    "appSettings": [
                    ],
                    "metadata": [
                        {
                            "name": "CURRENT_STACK",
                            "value": "[variables('currentStack')]"
                        }
                    ],
                    "alwaysOn": "[variables('alwaysOn')]"
                },
                "serverFarmId": "[resourceId('Microsoft.Web/serverfarms', variables('hostingPlanName'))]",
                "clientAffinityEnabled": true,
                "httpsOnly": true
            }
        },
        {
            "apiVersion": "2018-02-01",
            "name": "[variables('hostingPlanName')]",
            "type": "Microsoft.Web/serverfarms",
            "location": "[parameters('location')]",
            "properties": {
                "name": "[variables('hostingPlanName')]",
                "workerSize": "[variables('workerSize')]",
                "workerSizeId": "[variables('workerSizeId')]",
                "numberOfWorkers": "[variables('numberOfWorkers')]"
            },
            "sku": {
                "Tier": "[variables('sku')]",
                "Name": "[variables('skuCode')]"
            }
        }
    ]
}
