{
  "filters": {
    "items": [
      {
        "displayName": "Language",
        "parameterName": "langcode",
        "isMultiSelect": false,
        "values": [
          {
            "displayName": "English (UK)",
            "parameterName": "en",
            "isDefault": true
          }
        ]
      },
      {
        "displayName": "Age group",
        "parameterName": "field_age_group",
        "isMultiSelect": true,
        "values": [
          {
            "displayName": "0-14",
            "parameterName": "0_14",
            "isDefault": true
          },
          {
            "displayName": "15-24",
            "parameterName": "15_24",
            "isDefault": true
          },
          {
            "displayName": "25-40",
            "parameterName": "25_40",
            "isDefault": true
          },
          {
            "displayName": "41-60",
            "parameterName": "41_60",
            "isDefault": true
          },
          {
            "displayName": "60+",
            "parameterName": "60_plus",
            "isDefault": true
          }
        ]
      },
      {
        "displayName": "Content type",
        "parameterName": "field_content_type",
        "isMultiSelect": true,
        "values": [
          {
            "displayName": "Key Information",
            "parameterName": "key_information",
            "isDefault": true
          },
          {
            "displayName": "Article",
            "parameterName": "article",
            "isDefault": true
          },
          {
            "displayName": "News",
            "parameterName": "news",
            "isDefault": true
          },
          {
            "displayName": "Video story",
            "parameterName": "video_story",
            "isDefault": true
          }
        ]
      },
      {
        "displayName": "Country",
        "parameterName": "field_country",
        "isMultiSelect": true,
        "values": [
          {
            "displayName": "UK",
            "parameterName": "uk",
            "isDefault": true
          },
          {
            "displayName": "Spain",
            "parameterName": "spain",
            "isDefault": true
          },
          {
            "displayName": "Russia",
            "parameterName": "russia",
            "isDefault": true
          },
          {
            "displayName": "Italy",
            "parameterName": "italy",
            "isDefault": true
          },
          {
            "displayName": "Greece",
            "parameterName": "greece",
            "isDefault": true
          },
          {
            "displayName": "Portugal",
            "parameterName": "portugal",
            "isDefault": true
          },
          {
            "displayName": "Kazakhstan",
            "parameterName": "kazakhstan",
            "isDefault": true
          }
        ]
      },
      {
        "displayName": "Profile",
        "parameterName": "field_profile",
        "isMultiSelect": true,
        "values": [
          {
            "displayName": "General Public",
            "parameterName": "general_public",
            "isDefault": true
          },
          {
            "displayName": "Healthcare",
            "parameterName": "healthcare",
            "isDefault": false
          },
          {
            "displayName": "Education",
            "parameterName": "education",
            "isDefault": false
          },
          {
            "displayName": "Tourism",
            "parameterName": "tourism",
            "isDefault": false
          }
        ]
      }
    ]
  }
}