{
  "status": "At risk",
  "data": [
    {
      "title": "",
      "subtitle": "",
      "description": "Stay at home if you begin to feel unwell, even with mild symptoms such as headache and slight runny nose, until you recover."
    },
    {
      "title": "",
      "subtitle": "",
      "description": "Avoiding contact with others and visits to medical facilities will allow these facilities to operate more effectively and help protect you and others from possible COVID-19 and other viruses."
    },
    {
      "title": "",
      "subtitle": "",
      "description": "If you develop fever, cough and difficulty breathing, seek medical advice promptly as this may be due to a respiratory infection or other serious condition. Call in advance and tell your provider of any recent travel or contact with travelers. "
    },
    {
      "title": "",
      "subtitle": "",
      "description": "Calling in advance will allow your health care provider to quickly direct you to the right health facility. This will also help to prevent possible spread of COVID-19 and other viruses."
    }
  ]
}