{
  "statuses": {
    "values": [
      {
        "id": 1,
        "name": "Healthy",
        "severity": 0,
        "requiresContactDiscovery": false
      },
      {
        "id": 2,
        "name": "At risk",
        "severity": 1,
        "requiresContactDiscovery": false
      },
      {
        "id": 3,
        "name": "Infected",
        "severity": 2,
        "requiresContactDiscovery": true
      },
      {
        "id": 4,
        "name": "Recovered",
        "severity": 0,
        "requiresContactDiscovery": false
      }
    ],
    "default": 1,
    "onExposure": 2
  }
}