<policies>
    <inbound>
        <base />
        <set-variable name="originalBaseUrl" value="@{
            var url = context.Request.OriginalUrl.ToString();
            var urlTemplate = context.Operation.UrlTemplate;
            var firstSegmentPossibleSeparators = new [] {'/','?'};

            var firstSegment = urlTemplate
                .Split(firstSegmentPossibleSeparators, StringSplitOptions.RemoveEmptyEntries)
                .First();

            return url.Substring(0, url.IndexOf(firstSegment) - 1).Replace($"{{apimBaseUrl}}", $"{{frontDoorBaseUrl}}");
        }"/>
        <set-backend-service base-url="{{cmsBaseUrl}}" />
        <set-header name="Authorization" exists-action="override">
            <value>@($"Basic {Convert.ToBase64String(Encoding.UTF8.GetBytes($"{{cmsUserName}}:{{cmsUserPassword}}"))}")</value>
        </set-header>
        <set-variable name="lang" value="@{
            return context.Request.OriginalUrl.Query.GetValueOrDefault("lang", $"{{englishLanguageCode}}");
        }" />
        <set-variable name="segmentsTemplate" value="@{
            var segments = new [] {
                    "/jsonapi/node/about_us_screen?include=field_image",
                    "fields[file--file]=uri,image_style_uri",
                    "fields[node--about_us_screen]=langcode,title,body,field_image",
                    "filter[Langcode][condition][path]=langcode",
                    "filter[Langcode][condition][value]={0}"
                };

            return string.Join("&amp;", segments);
        }" />
        <send-request mode="copy" response-variable-name="aboutUsResponse">
            <set-url>@{
                return $"{{cmsBaseUrl}}"
                    + ((string)context.Variables["lang"] == $"{{englishLanguageCode}}"
                        ? ""
                        : $"/{(string)context.Variables["lang"]}")
                    + string.Format(
                        (string)context.Variables["segmentsTemplate"],
                        (string)context.Variables["lang"]);
            }
            </set-url>
        </send-request>
        <!-- if request should be retried with default language -->
        <choose>
            <when condition="@{
                    if ((string)context.Variables["lang"] == $"{{englishLanguageCode}}")
                    {
                        return false;
                    }

                    var originalResponse = context.Variables.GetValueOrDefault<IResponse>("aboutUsResponse");

                    return originalResponse?.StatusCode == 404
                        || originalResponse.Body?.As<JObject>(preserveContent: true)?.TryGetValue("data", out _) != true
                        || originalResponse.Body.As<JObject>(preserveContent: true)["data"]?.HasValues != true;
                }">
                <send-request mode="copy" response-variable-name="aboutUsResponse">
                    <set-url>@{
                        return $"{{cmsBaseUrl}}"
                            + string.Format(
                                (string)context.Variables["segmentsTemplate"],
                                $"{{englishLanguageCode}}");
                    }
                    </set-url>
                </send-request>
            </when>
        </choose>
        <choose>
            <when condition="@{
                var lastResponse = context.Variables.GetValueOrDefault<IResponse>("aboutUsResponse");

                return lastResponse?.StatusCode == 200
                    && lastResponse.Body?.As<JObject>(preserveContent: true)?.TryGetValue("data", out _) == true
                    && lastResponse.Body.As<JObject>(preserveContent: true)["data"]?.HasValues == true;
                }">
                <return-response>
					<set-header name="Content-Type" exists-action="override">
						<value>application/json</value>
					</set-header>
                    <set-header name="Cache-Control" exists-action="override">
                        <value>s-maxage={{articlesFrontDoorCacheTtlSeconds}}</value>
                    </set-header>
                    <set-body>@{
                        var responseObject = context.Variables.GetValueOrDefault<IResponse>("aboutUsResponse");

                        var response = responseObject.Body.As<JObject>(preserveContent: true);
                        var data = response["data"][0];

                        var imageId = data["relationships"]["field_image"]["data"]["id"].ToString();
                        var relationships = response["included"];
                        var image = (relationships != null) ? relationships.FirstOrDefault(obj => obj["id"].ToString() == imageId) : null;

                        return new JObject(
                            new JProperty("languageCode", data["attributes"]["langcode"]),
                            new JProperty("title", data["attributes"]["title"]),
                            new JProperty("body", new JObject(
                                    new JProperty("text", data["attributes"]["body"]["value"]),
                                    new JProperty("format", data["attributes"]["body"]["format"])
                                )
                            ),
                            new JProperty("imageLink", (image != null) ?
                                                            new JObject(
                                                                new JProperty("imageId", image["id"]),
                                                                new JProperty("url", $"{context.Variables["originalBaseUrl"]}/image/{image["id"]}")
                                                            ) : null)
                            ).ToString();
                    }</set-body>
                </return-response>
            </when>
            <otherwise>
                <return-response>
                    <set-status code="404" reason="Not Found" />
					<set-header name="Content-Type" exists-action="override">
						<value>application/json</value>
					</set-header>
                    <set-header name="Cache-Control" exists-action="override">
                        <value>s-maxage={{articlesFrontDoorCacheTtlSeconds}}</value>
                    </set-header>
                    <set-body>@{
                        return new JObject(
                            new JProperty("errorCode", "404"),
                            new JProperty("errors", new JArray(new JObject(
                                    new JProperty("errorTarget", "UnsuccessfulStatusCode"),
                                    new JProperty("description", "Not Found"))))
                        ).ToString();
                    }</set-body>
                </return-response>
            </otherwise>
        </choose>
    </inbound>
    <backend>
        <base />
    </backend>
    <outbound>
        <base />
    </outbound>
    <on-error>
        <return-response>
            <set-status code="@(context.Response.StatusCode)" reason="@(context.Response.StatusReason)" />
            <set-header name="Content-Type" exists-action="override">
                <value>application/json</value>
            </set-header>
            <set-body>@{
                return new JObject(
                    new JProperty("errorCode", context.Response.StatusCode.ToString()),
                    new JProperty("errors", new JArray(new JObject(
                            new JProperty("errorTarget", context.LastError.Reason),
                            new JProperty("description", context.LastError.Message))))
                ).ToString();
            }</set-body>
        </return-response>
        <base />
    </on-error>
</policies>