<policies>
    <inbound>
        <base />
        <set-backend-service base-url="{{userApiBaseUrl}}/api/v1" />
        <set-variable name="lang" value="@{
            return context.Request.OriginalUrl.Query.GetValueOrDefault("lang", $"{{englishLanguageCode}}");
        }" />
        <set-header name="Cms-Url" exists-action="override">
            <value>@{
                return $"{{cmsBaseUrl}}" +
                        ((string)context.Variables["lang"] == $"{{englishLanguageCode}}"?
                            "" : $"/{(string)context.Variables["lang"]}") +
                        $"/healthbuddy/filters" ;
            }</value>
        </set-header>
        <set-header name="Cache-Control" exists-action="override">
            <value>s-maxage={{metadataFrontDoorCacheTtlSeconds}}</value>
        </set-header>
        <set-header name="Filters-Cache-Ttl" exists-action="override">
            <value>{{filtersCacheTtlSeconds}}</value>
        </set-header>
        <set-header name="Accept-Language" exists-action="override">
            <value>@((string)context.Variables["lang"])</value>
        </set-header>
        <set-header name="Cms-Authorization" exists-action="override">
            <value>@($"Basic {Convert.ToBase64String(Encoding.UTF8.GetBytes($"{{cmsUserName}}:{{cmsUserPassword}}"))}")</value>
        </set-header>
    </inbound>
    <backend>
        <base />
    </backend>
    <outbound>
        <base />
    </outbound>
    <on-error>
        <base />
    </on-error>
</policies>