<policies>
    <inbound>
        <base />
        <set-backend-service base-url="{{cmsBaseUrl}}" />
        <set-variable name="basicAuth" value="@($"Basic {Convert.ToBase64String(Encoding.UTF8.GetBytes($"{{cmsUserName}}:{{cmsUserPassword}}"))}")" />
        <send-request mode="new" response-variable-name="fileMetaRequestResponse">
            <set-url>@($"{{cmsBaseUrl}}/jsonapi/file/file/{context.Request.MatchedParameters["id"]}")</set-url>
            <set-method>GET</set-method>
            <set-header name="Authorization" exists-action="override">
                <value>@($"{context.Variables["basicAuth"]}")</value>
            </set-header>
        </send-request>
        <choose>
            <when condition="@(((IResponse)context.Variables["fileMetaRequestResponse"]).StatusCode != 200)">
                <return-response>
                    <set-status code="404" reason="Not Found" />
                    <set-header name="Cache-Control" exists-action="override">
                        <value>s-maxage={{imagesFrontDoorCacheTtlSeconds}}</value>
                    </set-header>
                </return-response>
            </when>
        </choose>
    </inbound>
    <backend>
        <send-request mode="new" response-variable-name="imageRequestResponse">
          <set-url>@{
              var fileMetaRequestResponseObject = ((IResponse)context.Variables["fileMetaRequestResponse"])
                                                    .Body.As<JObject>(preserveContent: true);
              var maxWidth = 1500;
              var width = int.Parse(context.Request.OriginalUrl.Query.GetValueOrDefault("width", maxWidth.ToString()));
              var height = context.Request.OriginalUrl.Query.GetValueOrDefault("height", "600");

              var maxSizeUrl = $"{{cmsBaseUrl}}/{fileMetaRequestResponseObject["data"]["attributes"]["uri"]["url"]}";

              if (width >= maxWidth)
              {
                  return maxSizeUrl;
              }

              var imageKey = $"{width}_{height}";

              var availableImageSizes = fileMetaRequestResponseObject["data"]["attributes"]["image_style_uri"];
              
              var minWidthDifferenceAbs = maxWidth - width;
              var nearestSizeImageUrl = maxSizeUrl;

              foreach(JObject imageSizeObject in availableImageSizes)
              {
                  if (imageSizeObject.ContainsKey(imageKey))
                  {
                      return (string)imageSizeObject[imageKey];
                  }
            
                  var sizeKey = imageSizeObject.Properties().First().Name;
                  var sizeKeyWidth = int.Parse(sizeKey.Split('_').First());

                  var widthDifference = sizeKeyWidth - width;
                  if (Math.Abs(widthDifference) < minWidthDifferenceAbs)
                  {
                      minWidthDifferenceAbs = Math.Abs(widthDifference);
                      nearestSizeImageUrl = (string)imageSizeObject[sizeKey];
                  }
                  else if (Math.Abs(widthDifference) == minWidthDifferenceAbs && Math.Sign(widthDifference) >= 0)
                  {
                      nearestSizeImageUrl = (string)imageSizeObject[sizeKey];   
                  }
             }
             
             return nearestSizeImageUrl;
            }</set-url>
          <set-method>GET</set-method>
          <set-header name="Authorization" exists-action="override">
            <value>@($"{context.Variables["basicAuth"]}")</value>
          </set-header>
        </send-request>
    </backend>
    <outbound>
        <base />
        <return-response response-variable-name = "imageRequestResponse">
            <set-header name="Cache-Control" exists-action="override">
                <value>s-maxage={{imagesFrontDoorCacheTtlSeconds}}</value>
            </set-header>
        </return-response>
    </outbound>
    <on-error>
        <base />
    </on-error>
</policies>