<policies>
    <inbound>
        <base />
        <set-variable name="originalBaseUrl" value="@{
            var url = context.Request.OriginalUrl.ToString();
            var urlTemplate = context.Operation.UrlTemplate;
            var firstSegmentPossibleSeparators = new [] {'/','?'};

            var firstSegment = urlTemplate
                .Split(firstSegmentPossibleSeparators, StringSplitOptions.RemoveEmptyEntries)
                .First();

            return url.Substring(0, url.IndexOf(firstSegment) - 1).Replace($"{{apimBaseUrl}}", $"{{frontDoorBaseUrl}}");
        }"/>
        <set-backend-service base-url="{{cmsBaseUrl}}" />
        <set-header name="Authorization" exists-action="override">
            <value>@($"Basic {Convert.ToBase64String(Encoding.UTF8.GetBytes($"{{cmsUserName}}:{{cmsUserPassword}}"))}")</value>
        </set-header>
        <set-variable name="uriTemplate" value="@{
            var encodedFilter = context.Request.OriginalUrl.Query.GetValueOrDefault("filter", string.Empty);

            var rawFilterValues = Encoding.UTF8.GetString(Convert.FromBase64String(
                encodedFilter.PadRight(encodedFilter.Length + (4 - encodedFilter.Length % 4) % 4, '=')
                .Replace("_", "/").Replace("-", "+")));

            var segments = new List<string>()
            {
                "/jsonapi/node/article?include=field_image",
                "fields[file--file]=uri",
                "fields[node--article]=langcode,title,created,body,field_source,field_video_link,field_image",
                "filter[and-group][group][conjunction]=AND",
                "sort=-changed",
                "page[limit]=50"
            };

            var langCode = "";

            foreach (var queryKeyValue in rawFilterValues.Split('&'))
            {
                var separatorIndex = queryKeyValue.IndexOf("=");

                var mappingPairKey = queryKeyValue.Substring(0, separatorIndex);

                if (mappingPairKey == "langcode")
                {
                    langCode = queryKeyValue.Substring(separatorIndex + 1).Split(',').First();

                    segments.AddRange( new [] {
                        "filter[Langcode][condition][path]=langcode",
                        $"filter[Langcode][condition][value]={langCode}",
                        "filter[Langcode][condition][memberOf]=and-group",
                    });
                }
				else
				{
					segments.AddRange( new [] {
					$"filter[{mappingPairKey}][condition][path]={mappingPairKey}",
					$"filter[{mappingPairKey}][condition][operator]=IN",
					$"filter[{mappingPairKey}][condition][memberOf]=and-group"});

					string[] filterValues = { string.Empty };

					var hasValues = separatorIndex + 1 != queryKeyValue.Length;

					if (hasValues)
					{
						filterValues = queryKeyValue.Substring(separatorIndex + 1).Split(',');
					}

					segments.AddRange(filterValues.Select(filterValue => $"filter[{mappingPairKey}][condition][value][]={filterValue}"));					
				}
            }

            return (langCode == $"{{englishLanguageCode}}"
                    ? ""
                    : langCode)
                + string.Join("&amp;", segments);
        }" />
        <rewrite-uri template="@(context.Variables.GetValueOrDefault<string>("uriTemplate"))" copy-unmatched-params="false" />
    </inbound>
    <backend>
        <base />
    </backend>
    <outbound>
        <base />
		<choose>
            <when condition="@(context.Response.StatusCode == 200)">
				<set-body>@{
					var response = context.Response.Body.As<JObject>(preserveContent: true);
					var articles = response["data"];
					var relationships = response["included"];

					var outputArray = new JArray();

					foreach (var data in articles) {
						var imageId = data["relationships"]["field_image"]["data"]["id"].ToString();

						var image = (relationships != null) ? relationships.FirstOrDefault(obj => obj["id"].ToString() == imageId) : null;

						var output = new JObject();
						output.Add(new JProperty("id", data["id"]));
						output.Add(new JProperty("languageCode", data["attributes"]["langcode"]));
						output.Add(new JProperty("source", data["attributes"]["field_source"]));
						output.Add(new JProperty("title", data["attributes"]["title"]));
						output.Add(new JProperty("created", data["attributes"]["created"]));
						output.Add(new JProperty("body", new JObject(
									new JProperty("format", data["attributes"]["body"]["format"]),
									new JProperty("summary", data["attributes"]["body"]["summary"])
								)
							));
						output.Add(new JProperty("videoLink", (data["attributes"]["field_video_link"] is JObject) ?
														new JObject(
															new JProperty("title", data["attributes"]["field_video_link"]["title"]),
															new JProperty("uri", data["attributes"]["field_video_link"]["uri"])
														) : null));
						output.Add(new JProperty("imageLink", (image != null) ?
															new JObject(
																new JProperty("imageId", image["id"]),
																new JProperty("url", $"{context.Variables["originalBaseUrl"]}/image/{image["id"]}")
															) : null));

						outputArray.Add(output);
					}

					return new JObject(new JProperty("data", outputArray)).ToString();

				}</set-body>
                <set-header name="Cache-Control" exists-action="override">
                    <value>s-maxage={{articlesFrontDoorCacheTtlSeconds}}</value>
                </set-header>
            </when>
        </choose>		
    </outbound>
    <on-error>
        <return-response>
            <set-status code="@(context.Response.StatusCode)" reason="@(context.Response.StatusReason)" />
            <set-header name="Content-Type" exists-action="override">
                <value>application/json</value>
            </set-header>
            <set-body>@{
                return new JObject(
                    new JProperty("errorCode", context.Response.StatusCode.ToString()),
                    new JProperty("errors", new JArray(new JObject(
                            new JProperty("errorTarget", context.LastError.Reason),
                            new JProperty("description", context.LastError.Message))))
                ).ToString();
            }</set-body>
        </return-response>
        <base />
    </on-error>
</policies>