<policies>
    <inbound>
        <base />
        <send-request mode="copy" response-variable-name="clearTokenResponse">
            <set-url>{{notificationApiBaseUrl}}/api/v1/notification/token</set-url>
            <set-method>DELETE</set-method>
        </send-request>
        <choose>
            <when condition="@(((IResponse)context.Variables["clearTokenResponse"]).StatusCode.ToString() != "200")">
                <return-response response-variable-name="clearTokenResponse" />
            </when>
			<otherwise>
                <set-backend-service base-url="{{identityServerBaseUrl}}" />
                <rewrite-uri template="/connect/revocation" />
                <set-header name="Content-Type" exists-action="override">
                    <value>application/x-www-form-urlencoded</value>
                </set-header>
                <set-header name="Authorization" exists-action="override">
                    <value>@($"Basic {Convert.ToBase64String(Encoding.UTF8.GetBytes($"{{clientId}}: "))}")</value>
                </set-header>
                <set-body>
					@{
						var requestBody = context.Request.Body.As<JObject>(preserveContent: true);
						var token = requestBody["refreshToken"];

						return $"token={token}&token_type_hint=refresh_token";
					}
				</set-body>
			</otherwise>
        </choose>
    </inbound>
    <backend>
        <base />
    </backend>
    <outbound>
        <base />
    </outbound>
    <on-error>
        <return-response>
            <set-status code="@(context.Response.StatusCode)" reason="@(context.Response.StatusReason)" />
            <set-header name="Content-Type" exists-action="override">
                <value>application/json</value>
            </set-header>
            <set-body>@{               
            return new JObject(
                new JProperty("errorCode", context.Response.StatusCode.ToString()),
                new JProperty("errors", new JArray(new JObject(
                        new JProperty("errorTarget", context.LastError.Reason),
                        new JProperty("description", context.LastError.Message))))
            ).ToString();
        }</set-body>
        </return-response>
        <base />
    </on-error>
</policies>