<policies>
    <inbound>
        <set-variable name="isAuthorized" value="@{
            if (!context.Request.Headers.ContainsKey("Authorization"))
            {
                return false;
            }

            var credentials = ExpressionSyntaxExtensions.AsBasic(
                context.Request.Headers["Authorization"][0]);

            return credentials?.UserId == "{{rapidProUserName}}"
                && credentials?.Password == "{{rapidProUserPassword}}";
        }" />
        <base />
        <choose>
            <when condition="@(context.Variables.GetValueOrDefault<bool>("isAuthorized") == false)">
                <return-response>
                    <set-status code="401" reason="Unauthorized" />
                    <set-header name="WWW-Authenticate" exists-action="override">
                        <value>Basic</value>
                    </set-header>
                </return-response>
            </when>
        </choose>
        <set-backend-service base-url="{{notificationApiBaseUrl}}/api/v1" />
        <rewrite-uri template="/notification/send" />
        <set-method>POST</set-method>
        <set-header name="Content-Type" exists-action="override">
            <value>application/json</value>
        </set-header>
        <set-body>@(context.Request.Body.As<string>())</set-body>
    </inbound>
    <backend>
        <base />
    </backend>
    <outbound>
        <base />
    </outbound>
    <on-error>
        <base />
    </on-error>
</policies>