<policies>
    <inbound>
        <base />
        <set-backend-service base-url="{{notificationApiBaseUrl}}/api/v1" />
        <set-body>@{
			var requestBody = context.Request.Body.As<JObject>(preserveContent: true);
            requestBody["Language"] = context.Request.Headers.GetValueOrDefault("API-Accept-Language", $"{{englishLanguageCode}}");
            return requestBody.ToString();
		}</set-body> 
    </inbound>
    <backend>
        <base />
    </backend>
    <outbound>
        <base />
    </outbound>
    <on-error>
        <base />
    </on-error>
</policies>