<policies>
    <inbound>
        <base />
        <authentication-basic username="{{cmsUserName}}" password="{{cmsUserPassword}}" />
        <set-backend-service base-url="{{cmsBaseUrl}}" />
    </inbound>
    <backend>
        <base />
    </backend>
    <outbound>
        <base />
        <set-header name="Access-Control-Allow-Origin" exists-action="override">
            <value>{{webSiteBaseUrl}}</value>
        </set-header>
    </outbound>
    <on-error>
        <base />
    </on-error>
</policies>